sample_id,run_id,flowcell_id,flowcell_version,donor_id,type,raw_path
COLO829_10,NW_COLO829_Spiking_09112023,PAQ24241,R10,COLO829,tumour,/path/to/datas/NW_COLO829_Spiking_09112023/COLO829_10/20231109_1344_3D_PAQ24241_02ab5c9d
COLO829_20,NW_COLO829_Spiking_09112023,PAQ24706,R10,COLO829,tumour,/path/to/datas/NW_COLO829_Spiking_09112023/COLO829_20/20231109_1344_3C_PAQ24706_f5182dfc
COLO829_30,NW_COLO829_Spiking_09112023,PAQ24090,R10,COLO829,tumour,/path/to/datas/NW_COLO829_Spiking_09112023/COLO829_30/20231109_1344_3B_PAQ24090_e04f1673
COLO829_40,NW_COLO829_Spiking_09112023,PAQ23797,R10,COLO829,tumour,/path/to/datas/NW_COLO829_Spiking_09112023/COLO829_40/20231109_1344_3A_PAQ23797_3191d1ff
COLO829_50,NW_COLO829_Spiking_09112023,PAQ45153,R10,COLO829,tumour,/path/to/datas/NW_COLO829_Spiking_09112023/COLO829_50/20231109_1344_1F_PAQ45153_24055b74
COLO829_60,NW_COLO829_Spiking_09112023,PAQ24629,R10,COLO829,tumour,/path/to/datas/NW_COLO829_Spiking_09112023/COLO829_60/20231109_1344_1E_PAQ24629_9f50d3ef
COLO829_70,NW_COLO829_Spiking_09112023,PAQ43904,R10,COLO829,tumour,/path/to/datas/NW_COLO829_Spiking_09112023/COLO829_70/20231109_1344_1D_PAQ43904_2d8736de
COLO829_80,NW_COLO829_Spiking_09112023,PAQ23235,R10,COLO829,tumour,/path/to/datas/NW_COLO829_Spiking_09112023/COLO829_80/20231109_1344_1C_PAQ23235_b8e70991
COLO829_90,NW_COLO829_Spiking_09112023,PAQ22562,R10,COLO829,tumour,/path/to/datas/NW_COLO829_Spiking_09112023/COLO829_90/20231109_1344_1B_PAQ22562_de88dd3e
COLO829_BL,NW_COLO829_Spiking_09112023,PAQ23729,R10,COLO829,normal,/path/to/datas/NW_COLO829_Spiking_09112023/COLO829_Normal/20231109_1344_3E_PAQ23729_ba437345
COLO829,NW_COLO829_Spiking_09112023,PAQ22128,R10,COLO829,tumour,/path/to/datas/NW_COLO829_Spiking_09112023/COLO829_Tumour/20231109_1344_1A_PAQ22128_6fcbf12d
COLO829,NW_COLO829_Spiking_09112023,PAQ22128,R10,COLO829,tumour,/path/to/datas/NW_COLO829_Spiking_09112023/COLO829_Tumour/20231109_1542_2A_PAQ22128_66b74849
COLO829_10,NW_COLO829_Spiking_Reload_16112023,PAQ15887,R10,COLO829,tumour,/path/to/datas/NW_COLO829_Spiking_Reload_16112023/COLO829_10/20231116_1108_3E_PAQ15887_44d4deeb
COLO829_20,NW_COLO829_Spiking_Reload_16112023,PAQ22650,R10,COLO829,tumour,/path/to/datas/NW_COLO829_Spiking_Reload_16112023/COLO829_20/20231116_1108_3D_PAQ22650_4c368daa
COLO829_30,NW_COLO829_Spiking_Reload_16112023,PAQ21961,R10,COLO829,tumour,/path/to/datas/NW_COLO829_Spiking_Reload_16112023/COLO829_30/20231116_1108_3C_PAQ21961_22814479
COLO829_40,NW_COLO829_Spiking_Reload_16112023,PAQ23833,R10,COLO829,tumour,/path/to/datas/NW_COLO829_Spiking_Reload_16112023/COLO829_40/20231116_1108_3B_PAQ23833_77cdffe1
COLO829_50,NW_COLO829_Spiking_Reload_16112023,PAQ22155,R10,COLO829,tumour,/path/to/datas/NW_COLO829_Spiking_Reload_16112023/COLO829_50/20231116_1108_3A_PAQ22155_a253b075
COLO829_60,NW_COLO829_Spiking_Reload_16112023,PAQ23831,R10,COLO829,tumour,/path/to/datas/NW_COLO829_Spiking_Reload_16112023/COLO829_60/20231116_1108_1E_PAQ23831_c5612d5b
COLO829_70,NW_COLO829_Spiking_Reload_16112023,PAQ15703,R10,COLO829,tumour,/path/to/datas/NW_COLO829_Spiking_Reload_16112023/COLO829_70/20231116_1108_1D_PAQ15703_5e44eec6
COLO829_80,NW_COLO829_Spiking_Reload_16112023,PAQ14896,R10,COLO829,tumour,/path/to/datas/NW_COLO829_Spiking_Reload_16112023/COLO829_80/20231116_1108_1C_PAQ14896_be363049
COLO829_90,NW_COLO829_Spiking_Reload_16112023,PAQ15009,R10,COLO829,tumour,/path/to/datas/NW_COLO829_Spiking_Reload_16112023/COLO829_90/20231116_1108_1B_PAQ15009_2db1d920
COLO829_BL,NW_COLO829_Spiking_Reload_16112023,PAQ28464,R10,COLO829,normal,/path/to/datas/NW_COLO829_Spiking_Reload_16112023/COLO829_Normal/20231116_1108_3F_PAQ28464_7abb7948
COLO829,NW_COLO829_Spiking_Reload_16112023,PAQ39011,R10,COLO829,tumour,/path/to/datas/NW_COLO829_Spiking_Reload_16112023/COLO829_Tumour/20231116_1108_1A_PAQ39011_43e0f5a8
COLO829,NW_COLO829_Spiking_Reload_16112023,PAQ39011,R10,COLO829,tumour,/path/to/datas/NW_COLO829_Spiking_Reload_16112023/COLO829_Tumour/20231116_1237_2A_PAQ39011_7e6523e0
HCC1937_10,NW_HCC1937_Spiking_20112023,PAQ28020,R10,HCC1937,tumour,/path/to/datas/NW_HCC1937_Spiking_30112023/HCC1937_10/20231130_1126_2C_PAQ28020_8bf24da9
HCC1937_10,NW_HCC1937_Spiking_20112023,PAS24888,R10,HCC1937,tumour,/path/to/datas/NW_HCC1937_Spiking_30112023/HCC1937_10_2/20231130_1212_2D_PAS24888_f8942ac8
HCC1937_20,NW_HCC1937_Spiking_20112023,PAQ28140,R10,HCC1937,tumour,/path/to/datas/NW_HCC1937_Spiking_30112023/HCC1937_20/20231130_1126_2B_PAQ28140_536d5b5f
HCC1937_20,NW_HCC1937_Spiking_20112023,PAS25118,R10,HCC1937,tumour,/path/to/datas/NW_HCC1937_Spiking_30112023/HCC1937_20_2/20231130_1126_3F_PAS25118_601dfcb3
HCC1937_30,NW_HCC1937_Spiking_20112023,PAQ59235,R10,HCC1937,tumour,/path/to/datas/NW_HCC1937_Spiking_30112023/HCC1937_30/20231130_1126_2A_PAQ59235_121a9183
HCC1937_30,NW_HCC1937_Spiking_20112023,PAS25428,R10,HCC1937,tumour,/path/to/datas/NW_HCC1937_Spiking_30112023/HCC1937_30_2/20231130_1126_3E_PAS25428_b290afdb
HCC1937_40,NW_HCC1937_Spiking_20112023,PAQ29352,R10,HCC1937,tumour,/path/to/datas/NW_HCC1937_Spiking_30112023/HCC1937_40/20231130_1126_1H_PAQ29352_db2b8243
HCC1937_40,NW_HCC1937_Spiking_20112023,PAS09292,R10,HCC1937,tumour,/path/to/datas/NW_HCC1937_Spiking_30112023/HCC1937_40_2/20231130_1126_3D_PAS09292_4fd2067a
HCC1937_50,NW_HCC1937_Spiking_20112023,PAQ24106,R10,HCC1937,tumour,/path/to/datas/NW_HCC1937_Spiking_30112023/HCC1937_50/20231130_1126_1G_PAQ24106_47e0e6af
HCC1937_50,NW_HCC1937_Spiking_20112023,PAS09289,R10,HCC1937,tumour,/path/to/datas/NW_HCC1937_Spiking_30112023/HCC1937_50_2/20231130_1126_3C_PAS09289_3f0c81a6
HCC1937_60,NW_HCC1937_Spiking_20112023,PAQ29778,R10,HCC1937,tumour,/path/to/datas/NW_HCC1937_Spiking_30112023/HCC1937_60/20231130_1126_1F_PAQ29778_545c0455
HCC1937_60,NW_HCC1937_Spiking_20112023,PAS09799,R10,HCC1937,tumour,/path/to/datas/NW_HCC1937_Spiking_30112023/HCC1937_60_2/20231130_1126_3B_PAS09799_6dfc9126
HCC1937_70,NW_HCC1937_Spiking_20112023,PAQ25946,R10,HCC1937,tumour,/path/to/datas/NW_HCC1937_Spiking_30112023/HCC1937_70/20231130_1126_1E_PAQ25946_05b0c8e8
HCC1937_70,NW_HCC1937_Spiking_20112023,PAQ29961,R10,HCC1937,tumour,/path/to/datas/NW_HCC1937_Spiking_30112023/HCC1937_70_2/20231130_1126_3A_PAQ29961_04375cee
HCC1937_80,NW_HCC1937_Spiking_20112023,PAQ14914,R10,HCC1937,tumour,/path/to/datas/NW_HCC1937_Spiking_30112023/HCC1937_80/20231130_1126_1D_PAQ14914_9adb6776
HCC1937_80,NW_HCC1937_Spiking_20112023,PAS09148,R10,HCC1937,tumour,/path/to/datas/NW_HCC1937_Spiking_30112023/HCC1937_80_2/20231201_1210_2E_PAS09148_fca54d01
HCC1937_90,NW_HCC1937_Spiking_20112023,PAQ14911,R10,HCC1937,tumour,/path/to/datas/NW_HCC1937_Spiking_30112023/HCC1937_90/20231130_1126_1C_PAQ14911_f2c137f8
HCC1937_90,NW_HCC1937_Spiking_20112023,PAQ15810,R10,HCC1937,tumour,/path/to/datas/NW_HCC1937_Spiking_30112023/HCC1937_90_2/20231130_1126_2G_PAQ15810_239d225c
HCC1937_BL,NW_HCC1937_Spiking_20112023,PAS25418,R10,HCC1937,normal,/path/to/datas/NW_HCC1937_Spiking_30112023/HCC1937_Normal/20231201_1210_2H_PAS25418_a520438e
HCC1937_BL,NW_HCC1937_Spiking_20112023,PAS23478,R10,HCC1937,normal,/path/to/datas/NW_HCC1937_Spiking_30112023/HCC1937_Normal_2/20231130_1126_3H_PAS23478_c1bc155a
HCC1937,NW_HCC1937_Spiking_20112023,PAQ14889,R10,HCC1937,tumour,/path/to/datas/NW_HCC1937_Spiking_30112023/HCC1937_Tumour/20231130_1126_1B_PAQ14889_b21b3fb3
HCC1937,NW_HCC1937_Spiking_20112023,PAQ24160,R10,HCC1937,tumour,/path/to/datas/NW_HCC1937_Spiking_30112023/HCC1937_Tumour_2/20231130_1126_2F_PAQ24160_6c04164e
